created,submission,commit,solver,status,qubits,toffoli,publication_bucket,source_state,metric_delta,mechanism_families,origin_kind,origin_note,worked,blocked,next_action,source_locus_count,first_open
"5/30/26, 10:14 PM",d8ed1df,a16788e,vineetguptadev,promoted,2710,3904012,source-gap closure,source-gap,score=1.1110; q=3; T=0.9826; event=69.96,Unclassified support row,unresolved source-gap,"Metric or note evidence is strong enough to preserve the row, but novelty and mechanism credit are blocked until source loci and proof duties are closed.",source-curation target before mechanism prose,causal mechanism claim before source closure,inspect note and diff before making a mechanism claim,0,taxonomy_review_roi.csv
"5/31/26, 1:04 AM",aac62d7,9bd0748,Gajesh2007,promoted,2708,3839944,source-gap closure,source-gap,score=1.6433; T=1.6411; event=48.46,Unclassified support row,unresolved source-gap,"Metric or note evidence is strong enough to preserve the row, but novelty and mechanism credit are blocked until source loci and proof duties are closed.",source-curation target before mechanism prose,causal mechanism claim before source closure,inspect note and diff before making a mechanism claim,0,taxonomy_review_roi.csv
"5/31/26, 12:44 PM",d35d6e7,9bcc27d,Gajesh2007,promoted,2708,3546654,source-gap closure,source-gap,score=6.9215; T=6.9215; event=56.38,Measured cleanup and phase feedback,unresolved source-gap,"Metric or note evidence is strong enough to preserve the row, but novelty and mechanism credit are blocked until source loci and proof duties are closed.",source-curation target before mechanism prose,causal mechanism claim before source closure,open likely source path and add bounded source-locus rows,0,src/point_add/mod.rs
"5/31/26, 9:03 PM",f94f726,d19dbb5,Gajesh2007,promoted,2310,3656039,mechanism write-up,source-backed,score=11.9467; q=398; T=0.0000; event=135.95,Register sharing and transcript compression; Clean-bit and range-bounded arithmetic; Low-scratch arithmetic specialization; Peak co-ownership and joint-pin relief; Measured cleanup and phase feedback; Lifecycle loans,"known reversible-arithmetic ideas, locally composed","Clean-bit borrowing, Solinas low-scratch reduction, and cswap framing come from established reversible arithmetic pressure; the contribution is the source-backed joint-pin package that made them bind the measured peak.",mechanism prose with source/proof citations,all-input theorem without separate proof,"write prose from source loci, proof classes, and mechanism families",6,source_loci_by_mechanism.csv
"6/1/26, 5:48 AM",112d5a4,36a2989,Gajesh2007,promoted,2310,3361759,source-gap closure,source-gap,score=7.1921; T=5.0843; event=55.73,Measured cleanup and phase feedback,unresolved source-gap,"Metric or note evidence is strong enough to preserve the row, but novelty and mechanism credit are blocked until source loci and proof duties are closed.",source-curation target before mechanism prose,causal mechanism claim before source closure,inspect note and diff before making a mechanism claim,0,src/point_add/kaliski_walk.rs
"6/1/26, 8:28 AM",437e22a,36e8578,Gajesh2007,promoted,2310,3063680,mechanism write-up,source-backed,score=8.7310; T=8.7310; event=65.10,Clean-bit and range-bounded arithmetic; Register sharing and transcript compression; Measured cleanup and phase feedback; Low-scratch arithmetic specialization; Lifecycle loans,source-backed local instantiation of prior lineage,"Source loci classify the row as empirical width truncation; the paper may use it as bounded local mechanism evidence, not as a formal theorem.",mechanism prose with source/proof citations,all-input theorem without separate proof,"write prose from source loci, proof classes, and mechanism families",1,source_loci_by_mechanism.csv
"6/1/26, 9:14 AM",70699b7,6da9882,Gajesh2007,promoted,2310,3015004,source-gap closure,source-gap,score=1.5563; T=1.5563; event=48.33,Unclassified support row,unresolved source-gap,"Metric or note evidence is strong enough to preserve the row, but novelty and mechanism credit are blocked until source loci and proof duties are closed.",source-curation target before mechanism prose,causal mechanism claim before source closure,inspect note and diff before making a mechanism claim,0,taxonomy_review_roi.csv
"6/1/26, 10:29 AM",4a11f65,b86e789,Gajesh2007,promoted,2309,2973304,source-gap closure,source-gap,score=1.3831; T=1.3831; event=48.07,Unclassified support row,unresolved source-gap,"Metric or note evidence is strong enough to preserve the row, but novelty and mechanism credit are blocked until source loci and proof duties are closed.",source-curation target before mechanism prose,causal mechanism claim before source closure,inspect note and diff before making a mechanism claim,0,taxonomy_review_roi.csv
"6/1/26, 10:44 AM",03499c8,13ac8da,Gajesh2007,promoted,2309,2929804,source-gap closure,source-gap,score=1.4630; T=1.4630; event=48.19,Unclassified support row,unresolved source-gap,"Metric or note evidence is strong enough to preserve the row, but novelty and mechanism credit are blocked until source loci and proof duties are closed.",source-curation target before mechanism prose,causal mechanism claim before source closure,inspect note and diff before making a mechanism claim,0,taxonomy_review_roi.csv
"6/1/26, 3:59 PM",037fd71,1e18b4d,Gajesh2007,promoted,2309,2870041,mechanism write-up,source-backed,score=2.0398; T=2.0398; event=55.06,Clean-bit and range-bounded arithmetic; Register sharing and transcript compression; Measured cleanup and phase feedback; Low-scratch arithmetic specialization; Recomputation instead of residency; Lifecycle loans,source-backed local instantiation of prior lineage,"Source loci classify the row as carry-tail truncation; the paper may use it as bounded local mechanism evidence, not as a formal theorem.",mechanism prose with source/proof citations,all-input theorem without separate proof,"write prose from source loci, proof classes, and mechanism families",1,source_loci_by_mechanism.csv
"6/1/26, 7:24 PM",2ca410f,404d630,Gajesh2007,promoted,2309,2615899,mechanism write-up,source-backed,score=6.4073; T=6.4073; event=85.61,Clean-bit and range-bounded arithmetic; Register sharing and transcript compression; Measured cleanup and phase feedback; Lifecycle loans; Score-model and validation-island effects,benchmark-local mechanism,The contribution depends on the challenge's average-executed score and validation distribution; reusable physical-cost claims need a separate static schedule.,mechanism prose with source/proof citations,all-input theorem without separate proof,"write prose from source loci, proof classes, and mechanism families",5,source_loci_by_mechanism.csv
"6/1/26, 8:36 PM",375fdff,ba05d3a,Gajesh2007,promoted,2309,2462914,mechanism write-up,source-backed,score=3.3200; T=3.3200; event=62.98,Clean-bit and range-bounded arithmetic; Low-scratch arithmetic specialization; Register sharing and transcript compression; Lifecycle loans; Score-model and validation-island effects,benchmark-local mechanism,The contribution depends on the challenge's average-executed score and validation distribution; reusable physical-cost claims need a separate static schedule.,mechanism prose with source/proof citations,all-input theorem without separate proof,"write prose from source loci, proof classes, and mechanism families",2,source_loci_by_mechanism.csv
"6/2/26, 3:17 AM",620443,233a44c,Gajesh2007,promoted,2025,2560503,mechanism write-up,source-backed,score=6.5271; q=284; T=0.0000; event=128.61,Peak co-ownership and joint-pin relief; Register sharing and transcript compression; Recomputation instead of residency; Clean-bit and range-bounded arithmetic; Measured cleanup and phase feedback; Low-scratch arithmetic specialization,"reversible-pebbling lineage, locally instantiated","Bennett-style recomputation and Luo-style register sharing are prior ideas; the local contribution is the composed GCD width envelope, history folding, carry-pool relocation, and affine-square recomputation.",mechanism prose with source/proof citations,all-input theorem without separate proof,"write prose from source loci, proof classes, and mechanism families",6,source_loci_by_mechanism.csv
"6/2/26, 7:03 AM",0c1d4d9,cddd5df,pldallairedemers,promoted,1698,2447846,mechanism write-up,source-backed,score=18.8304; q=304; event=152.83,Register sharing and transcript compression; Lifecycle loans; Clean-bit and range-bounded arithmetic; Per-call scheduling and suffix release; Measured cleanup and phase feedback; Score-model and validation-island effects,ported architecture plus local integration,"The compressed-sidecar route imports an external architecture family; the source-backed contribution is the local integration, route defaults, and block-lifecycle evidence, not invention of the whole architecture.",mechanism prose with source/proof citations,all-input theorem without separate proof,"write prose from source loci, proof classes, and mechanism families",5,source_loci_by_mechanism.csv
"6/2/26, 8:05 AM",75927ba,7e660f9,saucegodbased,promoted,1698,2223350,mechanism write-up,source-backed,score=7.2119; T=7.2119; event=68.82,Measured cleanup and phase feedback; Register sharing and transcript compression; Clean-bit and range-bounded arithmetic; Recomputation instead of residency; Score-model and validation-island effects; Low-scratch arithmetic specialization,benchmark-local mechanism,The contribution depends on the challenge's average-executed score and validation distribution; reusable physical-cost claims need a separate static schedule.,mechanism prose with source/proof citations,all-input theorem without separate proof,"write prose from source loci, proof classes, and mechanism families",2,source_loci_by_mechanism.csv
"6/2/26, 8:12 AM",df59687,6447611,owizdom,promoted,1698,2083878,mechanism write-up,source-backed,score=6.2731; T=6.2731; event=79.41,Measured cleanup and phase feedback; Clean-bit and range-bounded arithmetic; Register sharing and transcript compression; Recomputation instead of residency; Score-model and validation-island effects; Low-scratch arithmetic specialization,benchmark-local mechanism,The contribution depends on the challenge's average-executed score and validation distribution; reusable physical-cost claims need a separate static schedule.,mechanism prose with source/proof citations,all-input theorem without separate proof,"write prose from source loci, proof classes, and mechanism families",4,source_loci_by_mechanism.csv
"6/2/26, 8:28 AM",1f7aabe,c813ee5,saucegodbased,promoted,1698,1981734,mechanism write-up,source-backed,score=4.9016; T=4.9016; event=65.35,Measured cleanup and phase feedback; Register sharing and transcript compression; Recomputation instead of residency; Score-model and validation-island effects,benchmark-local mechanism,The contribution depends on the challenge's average-executed score and validation distribution; reusable physical-cost claims need a separate static schedule.,mechanism prose with source/proof citations,all-input theorem without separate proof,"write prose from source loci, proof classes, and mechanism families",2,source_loci_by_mechanism.csv
"6/2/26, 8:39 AM",f1acd7f,3c30191,jtrose24,promoted,1698,1952382,source-gap closure,source-gap,score=1.4811; T=1.4811; event=48.22,Unclassified support row,unresolved source-gap,"Metric or note evidence is strong enough to preserve the row, but novelty and mechanism credit are blocked until source loci and proof duties are closed.",source-curation target before mechanism prose,causal mechanism claim before source closure,inspect note and diff before making a mechanism claim,0,taxonomy_review_roi.csv
"6/2/26, 8:49 AM",690bdb9,4b9cfbb,saucegodbased,promoted,1698,1928442,source-gap closure,source-gap,score=1.2262; T=1.2262; event=47.84,Unclassified support row,unresolved source-gap,"Metric or note evidence is strong enough to preserve the row, but novelty and mechanism credit are blocked until source loci and proof duties are closed.",source-curation target before mechanism prose,causal mechanism claim before source closure,inspect note and diff before making a mechanism claim,0,taxonomy_review_roi.csv
"6/2/26, 9:03 AM",fd70a60,9b6b9d6,Epistetechnician,promoted,1698,1861990,mechanism write-up,source-backed,score=3.3200; T=3.3200; event=86.98,Low-scratch arithmetic specialization; Measured cleanup and phase feedback; Recomputation instead of residency; Register sharing and transcript compression; Lifecycle loans,source-backed local instantiation of prior lineage,"Source loci classify the row as controlled-predicate fusion / direct comparator emission; the paper may use it as bounded local mechanism evidence, not as a formal theorem.",mechanism prose with source/proof citations,all-input theorem without separate proof,"write prose from source loci, proof classes, and mechanism families",6,source_loci_by_mechanism.csv
"6/2/26, 9:15 AM",8ee9ad8,acf2bdb,saucegodbased,promoted,1698,1838050,source-gap closure,source-gap,score=1.2857; T=1.2857; event=47.93,Unclassified support row,unresolved source-gap,"Metric or note evidence is strong enough to preserve the row, but novelty and mechanism credit are blocked until source loci and proof duties are closed.",source-curation target before mechanism prose,causal mechanism claim before source closure,inspect note and diff before making a mechanism claim,0,taxonomy_review_roi.csv
"6/2/26, 9:21 AM",66ad478,f8a36ba,Gajesh2007,promoted,1698,1704086,mechanism write-up,source-backed,score=7.2884; T=7.2884; event=74.93,Clean-bit and range-bounded arithmetic; Register sharing and transcript compression; Measured cleanup and phase feedback; Low-scratch arithmetic specialization; Per-call scheduling and suffix release; Recomputation instead of residency,source-backed local instantiation of prior lineage,"Source loci classify the row as apply-phase carry-tail truncation; per-step comparator scheduling; route/default provenance; the paper may use it as bounded local mechanism evidence, not as a formal theorem.",mechanism prose with source/proof citations,all-input theorem without separate proof,"write prose from source loci, proof classes, and mechanism families",3,source_loci_by_mechanism.csv
"6/2/26, 11:52 AM",744b274,68e3653,saucegodbased,promoted,1572,1770897,mechanism write-up,source-backed,score=1.3693; q=121; T=0.0000; event=103.89,Measured cleanup and phase feedback; Register sharing and transcript compression; Lifecycle loans; Score-model and validation-island effects; Clean-bit and range-bounded arithmetic; Low-scratch arithmetic specialization,local register-lifetime construction,"Windowed apply carries and future-log hosted gates reuse standard cleanup and register-sharing ideas, but the source-backed contribution is the local peak-relief construction.",mechanism prose with source/proof citations,all-input theorem without separate proof,"write prose from source loci, proof classes, and mechanism families",6,source_loci_by_mechanism.csv
"6/2/26, 2:23 PM",3bd3aa5,550895c,solimander,promoted,1567,1689505,source-gap closure,source-gap,score=3.0925; q=4; T=0.0000; event=55.57,Register sharing and transcript compression; Measured cleanup and phase feedback; Low-scratch arithmetic specialization; Clean-bit and range-bounded arithmetic; Lifecycle loans; Score-model and validation-island effects,unresolved source-gap,"Metric or note evidence is strong enough to preserve the row, but novelty and mechanism credit are blocked until source loci and proof duties are closed.",source-curation target before mechanism prose,causal mechanism claim before source closure,open likely source path and add bounded source-locus rows,0,src/point_add/mod.rs
"6/2/26, 8:35 PM",da05eeb,250774e,10d9e,promoted,1500,1718717,source-gap closure,source-gap,score=0.4932; q=41; event=73.41,Register sharing and transcript compression; Recomputation instead of residency; Clean-bit and range-bounded arithmetic; Low-scratch arithmetic specialization; Measured cleanup and phase feedback; Peak co-ownership and joint-pin relief,unresolved source-gap,"Metric or note evidence is strong enough to preserve the row, but novelty and mechanism credit are blocked until source loci and proof duties are closed.",source-curation target before mechanism prose,causal mechanism claim before source closure,open likely source path and add bounded source-locus rows,0,src/point_add/mod.rs
"6/2/26, 9:19 PM",f2cd713,92a247e,mpjunior92,promoted,1466,1732283,source-gap closure,source-gap,score=1.3773; q=34; T=0.0000; event=57.46,Register sharing and transcript compression; Low-scratch arithmetic specialization; Clean-bit and range-bounded arithmetic; Lifecycle loans; Score-model and validation-island effects,unresolved source-gap,"Metric or note evidence is strong enough to preserve the row, but novelty and mechanism credit are blocked until source loci and proof duties are closed.",source-curation target before mechanism prose,causal mechanism claim before source closure,open likely source path and add bounded source-locus rows,0,src/point_add/mod.rs
"6/2/26, 10:57 PM",53cab17,8ab5f90,pldallairedemers,promoted,1446,1737201,source-gap closure,source-gap,score=0.8520; q=20; T=0.0000; event=55.25,Unclassified support row,unresolved source-gap,"Metric or note evidence is strong enough to preserve the row, but novelty and mechanism credit are blocked until source loci and proof duties are closed.",source-curation target before mechanism prose,causal mechanism claim before source closure,inspect note and diff before making a mechanism claim,0,taxonomy_review_roi.csv
"6/3/26, 11:06 PM",62c8115,13a01b8,nikhiljha,promoted,1355,1781211,source-gap closure,source-gap,score=0.7150; q=56; T=0.0000; event=59.44,Unclassified support row,unresolved source-gap,"Metric or note evidence is strong enough to preserve the row, but novelty and mechanism credit are blocked until source loci and proof duties are closed.",source-curation target before mechanism prose,causal mechanism claim before source closure,inspect note and diff before making a mechanism claim,0,taxonomy_review_roi.csv
"6/5/26, 6:32 AM",ca1cd1f,0780f67,johnbxx,promoted,1394,1629451,mechanism write-up,source-backed,score=4.5326; T=4.8324; event=70.95,Register sharing and transcript compression; Per-call scheduling and suffix release; Lifecycle loans; Clean-bit and range-bounded arithmetic; Low-scratch arithmetic specialization; Score-model and validation-island effects,local transcript-compression extension,Compressed transcript and K=2 bounded-shift storage extend the existing dialog-GCD route inside the local source/validator boundary.,mechanism prose with source/proof citations,all-input theorem without separate proof,"write prose from source loci, proof classes, and mechanism families",3,source_loci_by_mechanism.csv
"6/5/26, 7:33 AM",3.78E+11,1.26E+11,newjordan,promoted,1390,1602999,source-gap closure,source-gap,score=1.3091; T=1.3091; event=47.96,Unclassified support row,unresolved source-gap,"Metric or note evidence is strong enough to preserve the row, but novelty and mechanism credit are blocked until source loci and proof duties are closed.",source-curation target before mechanism prose,causal mechanism claim before source closure,inspect note and diff before making a mechanism claim,0,taxonomy_review_roi.csv
"6/5/26, 7:54 AM",730949a,5b3887b,newjordan,promoted,1390,1579823,source-gap closure,source-gap,score=1.1364; T=1.1364; event=47.70,Unclassified support row,unresolved source-gap,"Metric or note evidence is strong enough to preserve the row, but novelty and mechanism credit are blocked until source loci and proof duties are closed.",source-curation target before mechanism prose,causal mechanism claim before source closure,inspect note and diff before making a mechanism claim,0,taxonomy_review_roi.csv
"6/5/26, 3:15 PM",67be862,06b07ee,teddyjfpender,promoted,1320,1565417,source-gap closure,source-gap,score=1.0901; q=30; T=0.0000; event=56.69,Recomputation instead of residency; Register sharing and transcript compression; Clean-bit and range-bounded arithmetic; Lifecycle loans; Score-model and validation-island effects,unresolved source-gap,"Metric or note evidence is strong enough to preserve the row, but novelty and mechanism credit are blocked until source loci and proof duties are closed.",source-curation target before mechanism prose,causal mechanism claim before source closure,inspect note and diff before making a mechanism claim,0,src/point_add/mod.rs
"6/6/26, 11:30 AM",2e79780,571e67c,runeape-sats,promoted,1285,1539655,source-gap closure,source-gap,score=0.0167; q=24; T=0.0000; event=54.90,Clean-bit and range-bounded arithmetic; Per-call scheduling and suffix release; Score-model and validation-island effects,unresolved source-gap,"Metric or note evidence is strong enough to preserve the row, but novelty and mechanism credit are blocked until source loci and proof duties are closed.",source-curation target before mechanism prose,causal mechanism claim before source closure,inspect note and diff before making a mechanism claim,0,src/point_add/mod.rs
"6/8/26, 9:59 AM",4b7d727,bfd3fa6,BitWonka,promoted,1300,1404058,mechanism write-up,source-backed,score=3.4935; T=3.4260; event=87.21,Score-model and validation-island effects; Measured cleanup and phase feedback; Recomputation instead of residency,benchmark-local score-model mechanism,"Measured cleanup and conditional replay use phase-feedback lineage; the contribution is the challenge-specific average-executed-Toffoli mechanism, with physical emitted-cost claims blocked.",mechanism prose with source/proof citations,all-input theorem without separate proof,"write prose from source loci, proof classes, and mechanism families",6,source_loci_by_mechanism.csv
"6/8/26, 8:22 PM",52c6b6b,98dd2ad,BitWonka,promoted,1297,1386820,source-gap closure,source-gap,score=1.2049; T=1.1900; event=47.80,Unclassified support row,unresolved source-gap,"Metric or note evidence is strong enough to preserve the row, but novelty and mechanism credit are blocked until source loci and proof duties are closed.",source-curation target before mechanism prose,causal mechanism claim before source closure,inspect note and diff before making a mechanism claim,0,taxonomy_review_roi.csv
"6/10/26, 12:36 PM",c20c89b,7689eac,welttowelt,promoted,1226,1435354,source-gap closure,source-gap,score=0.3254; q=59; T=0.0000; event=59.41,Register sharing and transcript compression; Clean-bit and range-bounded arithmetic; Measured cleanup and phase feedback; Lifecycle loans; Score-model and validation-island effects,unresolved source-gap,"Metric or note evidence is strong enough to preserve the row, but novelty and mechanism credit are blocked until source loci and proof duties are closed.",source-curation target before mechanism prose,causal mechanism claim before source closure,inspect note and diff before making a mechanism claim,0,src/point_add/rounds/dialog/mod.rs
"6/11/26, 12:32 AM",d8466d8,1a5e620,BitWonka,promoted,1221,1405548,source-gap closure,source-gap,score=1.5489; T=0.0000; event=31.55,Unclassified support row,unresolved source-gap,"Metric or note evidence is strong enough to preserve the row, but novelty and mechanism credit are blocked until source loci and proof duties are closed.",source-curation target before mechanism prose,causal mechanism claim before source closure,inspect note and diff before making a mechanism claim,0,taxonomy_review_roi.csv
"6/13/26, 7:59 AM",ad4cf86,bb579bb,BitWonka,promoted,1193,1412391,source-gap closure,source-gap,score=0.7315; q=10; T=0.0000; event=53.93,Unclassified support row,unresolved source-gap,"Metric or note evidence is strong enough to preserve the row, but novelty and mechanism credit are blocked until source loci and proof duties are closed.",source-curation target before mechanism prose,causal mechanism claim before source closure,inspect note and diff before making a mechanism claim,0,taxonomy_review_roi.csv
"6/13/26, 11:56 AM",a7ec174,0fa5c6f,jieyilong,promoted,1192,1412425,source-gap closure,source-gap,score=0.0814; q=1; T=0.0000; event=52.20,Unclassified support row,unresolved source-gap,"Metric or note evidence is strong enough to preserve the row, but novelty and mechanism credit are blocked until source loci and proof duties are closed.",source-curation target before mechanism prose,causal mechanism claim before source closure,inspect note and diff before making a mechanism claim,0,taxonomy_review_roi.csv
"6/13/26, 5:14 PM",3182d2b,cf310ec,nasqret,promoted,1185,1418587,source-gap closure,source-gap,score=0.1223; q=7; T=0.0000; event=52.96,Unclassified support row,unresolved source-gap,"Metric or note evidence is strong enough to preserve the row, but novelty and mechanism credit are blocked until source loci and proof duties are closed.",source-curation target before mechanism prose,causal mechanism claim before source closure,inspect note and diff before making a mechanism claim,0,taxonomy_review_roi.csv
"6/14/26, 3:15 AM",1278a07,674d0d8,nasqret,promoted,1170,1434999,source-gap closure,source-gap,score=0.1235; q=15; T=0.0000; event=53.92,Unclassified support row,unresolved source-gap,"Metric or note evidence is strong enough to preserve the row, but novelty and mechanism credit are blocked until source loci and proof duties are closed.",source-curation target before mechanism prose,causal mechanism claim before source closure,inspect note and diff before making a mechanism claim,0,taxonomy_review_roi.csv
"6/15/26, 8:34 PM",77eaef6,35ceb01,BitWonka,promoted,1168,1433676,source-gap closure,source-gap,score=0.0915; q=2; T=0.0000; event=52.33,Unclassified support row,unresolved source-gap,"Metric or note evidence is strong enough to preserve the row, but novelty and mechanism credit are blocked until source loci and proof duties are closed.",source-curation target before mechanism prose,causal mechanism claim before source closure,inspect note and diff before making a mechanism claim,0,taxonomy_review_roi.csv
"6/17/26, 9:33 AM",85d5dae,f46a8c4,SamrendraS,rejected,980,39648420,source-gap closure,source-gap,score=0.0000; q=188; event=60.56,Unclassified support row,unresolved source-gap,"Metric or note evidence is strong enough to preserve the row, but novelty and mechanism credit are blocked until source loci and proof duties are closed.",source-curation target before mechanism prose,causal mechanism claim before source closure,inspect note and diff before making a mechanism claim,0,src/point_add/trailmix_port/arith/khattar_gidney.rs
"6/17/26, 10:47 AM",4352cfb,32bd568,welttowelt,rejected,980,28847321,source-gap closure,source-gap,score=0.0000; T=27.2422; event=47.62,Clean-bit and range-bounded arithmetic; Measured cleanup and phase feedback; Hard-Q metadata compression; Score-model and validation-island effects,unresolved source-gap,"Metric or note evidence is strong enough to preserve the row, but novelty and mechanism credit are blocked until source loci and proof duties are closed.",source-curation target before mechanism prose,causal mechanism claim before source closure,inspect note and diff before making a mechanism claim,0,src/point_add/trailmix_port/arith/khattar_gidney.rs
"6/17/26, 7:23 PM",07345f0,e41f015,welttowelt,rejected,979,28727201,source-gap closure,source-gap,score=0.0000; q=1; T=0.0000; event=22.12,Unclassified support row,unresolved source-gap,"Metric or note evidence is strong enough to preserve the row, but novelty and mechanism credit are blocked until source loci and proof duties are closed.",source-curation target before mechanism prose,causal mechanism claim before source closure,inspect note and diff before making a mechanism claim,0,src/point_add/trailmix_port/arith/khattar_gidney.rs
"6/17/26, 11:16 PM",8ce6e4e,3cf3415,Akashneelesh,rejected,978,29069321,source-gap closure,source-gap,score=0.0000; q=1; T=0.0000; event=22.12,Unclassified support row,unresolved source-gap,"Metric or note evidence is strong enough to preserve the row, but novelty and mechanism credit are blocked until source loci and proof duties are closed.",source-curation target before mechanism prose,causal mechanism claim before source closure,inspect note and diff before making a mechanism claim,0,src/point_add/trailmix_port/arith/khattar_gidney.rs
"6/17/26, 11:48 PM",15206f6,25d5039,nasqret,rejected,977,29062361,source-gap closure,source-gap,score=0.0000; q=1; T=0.0000; event=22.12,Unclassified support row,unresolved source-gap,"Metric or note evidence is strong enough to preserve the row, but novelty and mechanism credit are blocked until source loci and proof duties are closed.",source-curation target before mechanism prose,causal mechanism claim before source closure,inspect note and diff before making a mechanism claim,0,src/point_add/trailmix_port/arith/khattar_gidney.rs
"6/17/26, 11:59 PM",3d584a4,585ac4a,nasqret,rejected,976,28573233,source-gap closure,source-gap,score=0.0000; q=1; T=0.0000; event=22.12,Unclassified support row,unresolved source-gap,"Metric or note evidence is strong enough to preserve the row, but novelty and mechanism credit are blocked until source loci and proof duties are closed.",source-curation target before mechanism prose,causal mechanism claim before source closure,inspect note and diff before making a mechanism claim,0,src/point_add/trailmix_port/arith/khattar_gidney.rs
"6/18/26, 12:32 AM",be22a52,b859f9d,nasqret,rejected,975,28462993,source-gap closure,source-gap,score=0.0000; q=1; T=0.0000; event=22.12,Unclassified support row,unresolved source-gap,"Metric or note evidence is strong enough to preserve the row, but novelty and mechanism credit are blocked until source loci and proof duties are closed.",source-curation target before mechanism prose,causal mechanism claim before source closure,inspect note and diff before making a mechanism claim,0,src/point_add/trailmix_port/arith/khattar_gidney.rs
"6/18/26, 4:04 AM",ddbfddb,89a1652,jieyilong,rejected,974,28328177,source-gap closure,source-gap,score=0.0000; q=1; T=0.1346; event=38.19,Unclassified support row,unresolved source-gap,"Metric or note evidence is strong enough to preserve the row, but novelty and mechanism credit are blocked until source loci and proof duties are closed.",source-curation target before mechanism prose,causal mechanism claim before source closure,inspect note and diff before making a mechanism claim,0,src/point_add/trailmix_port/arith/khattar_gidney.rs
"6/18/26, 4:44 AM",53dc92c,d37c518,jieyilong,rejected,973,28328177,source-gap closure,source-gap,score=0.0000; q=1; T=0.0000; event=22.12,Unclassified support row,unresolved source-gap,"Metric or note evidence is strong enough to preserve the row, but novelty and mechanism credit are blocked until source loci and proof duties are closed.",source-curation target before mechanism prose,causal mechanism claim before source closure,inspect note and diff before making a mechanism claim,0,src/point_add/trailmix_port/arith/khattar_gidney.rs
"6/18/26, 5:11 AM",f40e8ff,2b3357b,nasqret,rejected,968,47050505,source-gap closure,source-gap,score=0.0000; q=5; T=0.0000; event=22.60,Unclassified support row,unresolved source-gap,"Metric or note evidence is strong enough to preserve the row, but novelty and mechanism credit are blocked until source loci and proof duties are closed.",source-curation target before mechanism prose,causal mechanism claim before source closure,inspect note and diff before making a mechanism claim,0,src/point_add/trailmix_port/arith/khattar_gidney.rs
"6/18/26, 7:30 AM",6bb7ab2,230031,jieyilong,rejected,967,34070681,source-gap closure,source-gap,score=0.0000; q=1; T=0.0000; event=22.12,Unclassified support row,unresolved source-gap,"Metric or note evidence is strong enough to preserve the row, but novelty and mechanism credit are blocked until source loci and proof duties are closed.",source-curation target before mechanism prose,causal mechanism claim before source closure,inspect note and diff before making a mechanism claim,0,src/point_add/trailmix_port/arith/khattar_gidney.rs
"6/18/26, 8:51 AM",f854afd,fbed70e,nasqret,rejected,966,34069641,source-gap closure,source-gap,score=0.0000; q=1; T=0.0000; event=22.12,Unclassified support row,unresolved source-gap,"Metric or note evidence is strong enough to preserve the row, but novelty and mechanism credit are blocked until source loci and proof duties are closed.",source-curation target before mechanism prose,causal mechanism claim before source closure,inspect note and diff before making a mechanism claim,0,src/point_add/trailmix_port/arith/khattar_gidney.rs
"6/18/26, 9:28 AM",84e5896,2a17a4b,nasqret,rejected,965,34069641,source-gap closure,source-gap,score=0.0000; q=1; T=0.0000; event=22.12,Unclassified support row,unresolved source-gap,"Metric or note evidence is strong enough to preserve the row, but novelty and mechanism credit are blocked until source loci and proof duties are closed.",source-curation target before mechanism prose,causal mechanism claim before source closure,inspect note and diff before making a mechanism claim,0,src/point_add/trailmix_port/arith/khattar_gidney.rs
"6/18/26, 12:46 PM",f9add2f,a7551c6,nasqret,rejected,959,69124073,source-gap closure,source-gap,score=0.0000; q=6; T=0.0000; event=22.72,Unclassified support row,unresolved source-gap,"Metric or note evidence is strong enough to preserve the row, but novelty and mechanism credit are blocked until source loci and proof duties are closed.",source-curation target before mechanism prose,causal mechanism claim before source closure,inspect note and diff before making a mechanism claim,0,src/point_add/trailmix_port/arith/khattar_gidney.rs
"6/18/26, 4:26 PM",043310c,0aaab69,nasqret,rejected,958,70812469,source-gap closure,source-gap,score=0.0000; q=1; T=0.0000; event=22.12,Unclassified support row,unresolved source-gap,"Metric or note evidence is strong enough to preserve the row, but novelty and mechanism credit are blocked until source loci and proof duties are closed.",source-curation target before mechanism prose,causal mechanism claim before source closure,inspect note and diff before making a mechanism claim,0,src/point_add/trailmix_port/arith/khattar_gidney.rs
"6/18/26, 4:48 PM",2a349c4,a52d307,nasqret,rejected,957,71643565,source-gap closure,source-gap,score=0.0000; q=1; T=0.0000; event=22.12,Unclassified support row,unresolved source-gap,"Metric or note evidence is strong enough to preserve the row, but novelty and mechanism credit are blocked until source loci and proof duties are closed.",source-curation target before mechanism prose,causal mechanism claim before source closure,inspect note and diff before making a mechanism claim,0,src/point_add/trailmix_port/arith/khattar_gidney.rs
"6/18/26, 6:47 PM",2ab3dd9,a295af5,nasqret,rejected,956,75856553,source-gap closure,source-gap,score=0.0000; q=1; T=0.0000; event=22.12,Unclassified support row,unresolved source-gap,"Metric or note evidence is strong enough to preserve the row, but novelty and mechanism credit are blocked until source loci and proof duties are closed.",source-curation target before mechanism prose,causal mechanism claim before source closure,inspect note and diff before making a mechanism claim,0,src/point_add/trailmix_port/arith/khattar_gidney.rs
"6/19/26, 1:52 AM",0ce9b13,c7a0e1f,nasqret,rejected,952,78159965,low-Q boundary evidence,source-backed,score=0.0000; q=4; T=0.0000; event=34.48,Clean-bit and range-bounded arithmetic; Register sharing and transcript compression; Measured cleanup and phase feedback; Hard-Q metadata compression; Lifecycle loans; Score-model and validation-island effects,selective q-cap regime evidence,"The row shows support targeting can expose low-Q regimes, while residual validation warnings block treating abstract support screens as validators.",regime or rate evidence with score caveat,product-score claim when rejected,use as regime evidence; add source locus before causal attribution,2,low_qubit_regime_screen.csv
"6/19/26, 3:31 PM",44d7d51,f8d23a9,BitWonka,promoted,1164,1413462,mechanism write-up,source-backed,score=0.0626; T=0.0000; event=60.06,Lifecycle loans; Register sharing and transcript compression; Low-scratch arithmetic specialization; Measured cleanup and phase feedback; Score-model and validation-island effects,local lifecycle-loan mechanism,Known-bit loans are a local live-information construction over a reversible-computation lineage; the contribution is the one-bit owner/interval/restoration contract.,mechanism prose with source/proof citations,all-input theorem without separate proof,"write prose from source loci, proof classes, and mechanism families",5,source_loci_by_mechanism.csv
"6/19/26, 9:38 PM",717b405,28fe2f2,alexander-sei,promoted,1164,1391013,source-gap closure,source-gap,score=1.3635; T=0.0000; event=31.36,Unclassified support row,unresolved source-gap,"Metric or note evidence is strong enough to preserve the row, but novelty and mechanism credit are blocked until source loci and proof duties are closed.",source-curation target before mechanism prose,causal mechanism claim before source closure,inspect note and diff before making a mechanism claim,0,taxonomy_review_roi.csv
"6/19/26, 11:17 PM",a77c9da,a376996,teddyjfpender,rejected,1019,31051277,low-Q/rate material evidence,source/proof-backed,score_saved_pct=0.0000; band_t_saved_pct=1.6362; flags=qband_toffoli_frontier,Clean-bit and range-bounded arithmetic; Recomputation instead of residency; Hard-Q metadata compression; Low-scratch arithmetic specialization; Measured cleanup and phase feedback,low-Q shrunken-PZ route evidence,"The q1019 row adapts shrunken-PZ support scheduling and exposes the second-cancel denominator bottleneck; the key lesson is circuit feasibility, not the field identity alone.",regime or rate evidence with score caveat; regime evidence; avoid product-score claim when rejected; validator-clean low-Q or Pareto evidence; not a product-score improvement; source-backed architecture regime; low-Q/rate boundary evidence and candidate source queue; low-qubit validator-clean regime map,product-score claim when rejected; score-frontier win or static hardware resource claim; single mechanism attribution for the whole regime; architecture mechanism without source-locus/proof closure,use as regime evidence; add source locus before causal attribution; preserve as low-Q evidence; add source before mechanism prose; write from representative source/proof rows; draft mechanism prose from source/proof rows; open the top source paths for the highest-materiality rows,4,low_qubit_regime_screen.csv
"6/20/26, 11:18 AM",6c1a65d,fed64cf,nasqret,promoted,1159,1388180,mechanism write-up,source-backed,score=0.3196; T=0.0000; event=66.32,Measured cleanup and phase feedback; Per-call scheduling and suffix release; Register sharing and transcript compression; Clean-bit and range-bounded arithmetic; Lifecycle loans; Low-scratch arithmetic specialization,local phase-clean scheduling mechanism,Per-call reserves and nonlinear HMR feedback draw on measurement/phase cleanup ideas; the contribution is the source-backed call-indexed schedule and phase-clean cleanup route.,mechanism prose with source/proof citations,all-input theorem without separate proof,"write prose from source loci, proof classes, and mechanism families",7,source_loci_by_mechanism.csv
"6/21/26, 7:41 PM",a3b0148,a203fac,nasqret,rejected,948,54781961,source-gap closure,source-gap,score=0.0000; q=4; event=56.48,Clean-bit and range-bounded arithmetic; Measured cleanup and phase feedback; Hard-Q metadata compression; Score-model and validation-island effects,unresolved source-gap,"Metric or note evidence is strong enough to preserve the row, but novelty and mechanism credit are blocked until source loci and proof duties are closed.",source-curation target before mechanism prose,causal mechanism claim before source closure,inspect note and diff before making a mechanism claim,0,src/point_add/mod.rs
"6/22/26, 4:05 AM",425ac95,ff5c3d6,gnuchev,rejected,947,61946637,source-gap closure,source-gap,score=0.0000; q=1; T=0.0000; event=22.12,Unclassified support row,unresolved source-gap,"Metric or note evidence is strong enough to preserve the row, but novelty and mechanism credit are blocked until source loci and proof duties are closed.",source-curation target before mechanism prose,causal mechanism claim before source closure,inspect note and diff before making a mechanism claim,0,src/point_add/mod.rs
"6/23/26, 11:20 AM",341d096,e7dd3de,nasqret,rejected,851,464495956,source-gap closure,source-gap,score=0.0000; q=96; T=0.0000; event=33.52,Hard-Q metadata compression,unresolved source-gap,"Metric or note evidence is strong enough to preserve the row, but novelty and mechanism credit are blocked until source loci and proof duties are closed.",source-curation target before mechanism prose,causal mechanism claim before source closure,inspect note and diff before making a mechanism claim,0,src/point_add/trailmix_port/inversion/register_shared_eea_reference.rs
"6/23/26, 6:22 PM",7c3bf1d,903ac93,gopikannappan,rejected,850,472528660,source-gap closure,source-gap,score=0.0000; q=1; event=38.12,Unclassified support row,unresolved source-gap,"Metric or note evidence is strong enough to preserve the row, but novelty and mechanism credit are blocked until source loci and proof duties are closed.",source-curation target before mechanism prose,causal mechanism claim before source closure,inspect note and diff before making a mechanism claim,0,src/point_add/trailmix_port/inversion/register_shared_eea_reference.rs
"6/23/26, 7:39 PM",a6aec81,43ad642,gopikannappan,rejected,846,508948948,source-gap closure,source-gap,score=0.0000; q=4; T=0.0000; event=22.48,Unclassified support row,unresolved source-gap,"Metric or note evidence is strong enough to preserve the row, but novelty and mechanism credit are blocked until source loci and proof duties are closed.",source-curation target before mechanism prose,causal mechanism claim before source closure,inspect note and diff before making a mechanism claim,0,src/point_add/trailmix_port/inversion/register_shared_eea_reference.rs
"6/24/26, 6:24 AM",8d8959b,1b836a8,nasqret,rejected,844,464285308,source-gap closure,source-gap,score=0.0000; q=2; T=1.7445; event=39.11,Clean-bit and range-bounded arithmetic; Measured cleanup and phase feedback,unresolved source-gap,"Metric or note evidence is strong enough to preserve the row, but novelty and mechanism credit are blocked until source loci and proof duties are closed.",source-curation target before mechanism prose,causal mechanism claim before source closure,inspect note and diff before making a mechanism claim,0,src/point_add/trailmix_port/inversion/register_shared_eea_reference.rs
"6/24/26, 9:14 AM",c8da0d2,cbbf3f0,gnuchev,rejected,843,450381388,source-gap closure,source-gap,score=0.0000; q=1; T=2.9947; event=39.62,Unclassified support row,unresolved source-gap,"Metric or note evidence is strong enough to preserve the row, but novelty and mechanism credit are blocked until source loci and proof duties are closed.",source-curation target before mechanism prose,causal mechanism claim before source closure,inspect note and diff before making a mechanism claim,0,src/point_add/trailmix_port/inversion/register_shared_eea_reference.rs
"6/24/26, 9:18 AM",9e06bd4,be568e6,nasqret,rejected,839,404790700,source-gap closure,source-gap,score=0.0000; q=4; T=10.1227; event=43.54,Unclassified support row,unresolved source-gap,"Metric or note evidence is strong enough to preserve the row, but novelty and mechanism credit are blocked until source loci and proof duties are closed.",source-curation target before mechanism prose,causal mechanism claim before source closure,inspect note and diff before making a mechanism claim,0,src/point_add/trailmix_port/inversion/register_shared_eea_reference.rs
"6/24/26, 12:01 PM",3b3492d,552e535,gnuchev,rejected,838,423137404,source-gap closure,source-gap,score=0.0000; q=1; T=0.0000; event=22.12,Unclassified support row,unresolved source-gap,"Metric or note evidence is strong enough to preserve the row, but novelty and mechanism credit are blocked until source loci and proof duties are closed.",source-curation target before mechanism prose,causal mechanism claim before source closure,inspect note and diff before making a mechanism claim,0,src/point_add/trailmix_port/inversion/register_shared_eea_reference.rs
"6/24/26, 1:48 PM",05f3483,7386c44,nasqret,rejected,837,402545932,source-gap closure,source-gap,score=0.0000; q=1; T=0.5546; event=38.40,Unclassified support row,unresolved source-gap,"Metric or note evidence is strong enough to preserve the row, but novelty and mechanism credit are blocked until source loci and proof duties are closed.",source-curation target before mechanism prose,causal mechanism claim before source closure,inspect note and diff before making a mechanism claim,0,src/point_add/trailmix_port/inversion/register_shared_eea_reference.rs
"6/24/26, 4:27 PM",eb1db87,1dd61ca,nasqret,rejected,829,448103948,source-gap closure,source-gap,score=0.0000; q=8; T=0.0000; event=22.96,Unclassified support row,unresolved source-gap,"Metric or note evidence is strong enough to preserve the row, but novelty and mechanism credit are blocked until source loci and proof duties are closed.",source-curation target before mechanism prose,causal mechanism claim before source closure,inspect note and diff before making a mechanism claim,0,src/point_add/trailmix_port/inversion/register_shared_eea_reference.rs
"6/25/26, 7:14 AM",39a9b5f,2857418,nasqret,rejected,828,448102916,low-Q boundary evidence,source-backed,score=0.0000; q=1; T=0.0000; event=46.12,Hard-Q metadata compression; Lifecycle loans; Register sharing and transcript compression; Measured cleanup and phase feedback,hard-Q route-composition evidence,"The row composes ordinary hosted classes and quotient-witness classes into a hard-Q route table; it is regime evidence, not a product-score win.",regime or rate evidence with score caveat,product-score claim when rejected,use as regime evidence; add source locus before causal attribution,1,low_qubit_regime_screen.csv
"6/25/26, 3:29 PM",a08eaaf,6e904cd,nasqret,rejected,827,485326460,source-gap closure,source-gap,score=0.0000; q=1; T=0.0000; event=22.12,Register sharing and transcript compression; Measured cleanup and phase feedback; Hard-Q metadata compression; Lifecycle loans,unresolved source-gap,"Metric or note evidence is strong enough to preserve the row, but novelty and mechanism credit are blocked until source loci and proof duties are closed.",source-curation target before mechanism prose,causal mechanism claim before source closure,inspect note and diff before making a mechanism claim,0,src/point_add/trailmix_port/inversion/register_shared_eea_reference.rs
"6/25/26, 4:37 PM",f1d8707,eccd1c4,nasqret,rejected,826,479337428,source-gap closure,source-gap,score=0.0000; q=1; T=0.0000; event=40.12,Register sharing and transcript compression; Clean-bit and range-bounded arithmetic; Measured cleanup and phase feedback; Hard-Q metadata compression; Lifecycle loans,unresolved source-gap,"Metric or note evidence is strong enough to preserve the row, but novelty and mechanism credit are blocked until source loci and proof duties are closed.",source-curation target before mechanism prose,causal mechanism claim before source closure,inspect note and diff before making a mechanism claim,0,src/point_add/trailmix_port/inversion/register_shared_eea_reference.rs
"6/26/26, 4:47 PM",b6f2b0a,e6d9fa9,nasqret,rejected,825,489161900,low-Q boundary evidence,source-backed,score=0.0000; q=1; T=0.0000; event=64.12,Lifecycle loans; Hard-Q metadata compression; Recomputation instead of residency; Clean-bit and range-bounded arithmetic; Register sharing and transcript compression; Measured cleanup and phase feedback,hard-Q metadata-compression evidence,The row is score-rejected but source-backed: quotient-witness handoff and hosted predicate lifecycle show a route into extreme low-width metadata compression.,regime or rate evidence with score caveat,product-score claim when rejected,"write prose from source loci, proof classes, and mechanism families",4,low_qubit_regime_screen.csv
"6/26/26, 6:06 PM",71f5115,d44cad3,BitWonka,promoted,1152,1364230,mechanism write-up,source-backed,score=0.3401; T=0.0110; event=100.35,Low-scratch arithmetic specialization; Per-call scheduling and suffix release; Clean-bit and range-bounded arithmetic; Measured cleanup and phase feedback; Register sharing and transcript compression; Lifecycle loans,local late-frontier carry-release mechanism,Low-ancilla arithmetic makes carries first-class; the contribution is the source-backed suffix release of the specific FFG carry lane plus small square/coordinate reductions.,mechanism prose with source/proof citations,all-input theorem without separate proof,"write prose from source loci, proof classes, and mechanism families",8,source_loci_by_mechanism.csv